{
	"partitions" : [
		{
			"name" : "Top",
			"pins" : [
				{
					"name" : "zero_count_out[0]",
					"strict" : false
				},
				{
					"name" : "zero_count_out[1]",
					"strict" : false
				},
				{
					"name" : "zero_count_out[2]",
					"strict" : false
				},
				{
					"name" : "zero_count_out[3]",
					"strict" : false
				},
				{
					"name" : "reset",
					"strict" : false
				},
				{
					"name" : "word_in[4]",
					"strict" : false
				},
				{
					"name" : "word_in[3]",
					"strict" : false
				},
				{
					"name" : "word_in[2]",
					"strict" : false
				},
				{
					"name" : "word_in[0]",
					"strict" : false
				},
				{
					"name" : "word_in[1]",
					"strict" : false
				},
				{
					"name" : "word_in[5]",
					"strict" : false
				},
				{
					"name" : "word_in[6]",
					"strict" : false
				},
				{
					"name" : "word_in[7]",
					"strict" : false
				},
				{
					"name" : "clk",
					"strict" : false
				}
			]
		}
	]
}